title,company,location,salary,posted,url,specialization,source,tags
EDI Compliance Analyst,"iSphere Innovation Partners, LLC",Remote USA,,2026-10-08,https://www.adzuna.com/land/ad/5919774421?se=NFjVSt3D8RGID8mJj6aLGw&utm_medium=api&utm_source=03049e54&v=AACD25D8D56CD35C43D6B248C4E3E319D05791BA,EDI Analyst,Adzuna,
Sr. EDI Developer(Complete Remote),CLOUDSCOUTS SOFTWARE SOLUTIONS LLC,Remote USA,,2026-10-08,https://www.adzuna.com/details/5919552293?utm_medium=api&utm_source=03049e54,EDI Developer,Adzuna,
EDI Developer (Edifecs → Azure Modernization) | Remote | W2 Only.,Xlysi,Remote USA,,2026-10-08,https://www.adzuna.com/details/5918937949?utm_medium=api&utm_source=03049e54,Healthcare EDI,Adzuna,
EDI Integration Analyst,Universal Logistics,Remote USA,,2026-10-02,https://www.adzuna.com/details/5907263881?utm_medium=api&utm_source=03049e54,Logistics & Retail,Adzuna,
EDI Analyst I (B2B SaaS),Prompt,Remote USA,"$60,000 - $70,000",2026-10-01,https://www.adzuna.com/details/5905040478?utm_medium=api&utm_source=03049e54,Healthcare EDI,Adzuna,
Technical EDI Analyst (Remote),CareFirst,Remote USA,"$64,944 - $128,986",2026-09-25,https://www.adzuna.com/details/5898183898?utm_medium=api&utm_source=03049e54,Healthcare EDI,Adzuna,
EDI Implementation Analyst II,Availity,Remote USA,,2026-09-18,https://www.adzuna.com/details/5888806250?utm_medium=api&utm_source=03049e54,Healthcare EDI,Adzuna,
Senior Healthcare Business Analyst – EDI/ HL7,"Pyramid, Inc",Remote USA,"$83,200 - $114,400",2026-09-16,https://www.adzuna.com/details/5886043456?utm_medium=api&utm_source=03049e54,Healthcare EDI,Adzuna,
"Business Analyst (CMS Interoperability HL7, EDI)","Pyramid, Inc",Remote USA,"$95,680 - $104,000",2026-09-11,https://www.adzuna.com/details/5879623939?utm_medium=api&utm_source=03049e54,SAP EDI,Adzuna,
"Mgr-EDI Development and Support (Full-time Remote, NC Based)",Alliance,Remote USA,"$105,497 - $134,508",2026-09-11,https://www.adzuna.com/details/5879379152?utm_medium=api&utm_source=03049e54,EDI General,Adzuna,
EDI Operations Analyst (Contract),Noyo,Remote USA,"$83,200 - $114,400",2026-09-04,https://www.adzuna.com/details/5870180400?utm_medium=api&utm_source=03049e54,EDI Analyst,Adzuna,
Electronic Data Interchange (EDI) Analyst,Penumbra,Remote USA,"$100,000 - $150,000",2026-08-29,https://www.adzuna.com/details/5860720957?utm_medium=api&utm_source=03049e54,Logistics & Retail,Adzuna,
EDI and Interoperability Analyst PCHP,Parkland Health,Remote USA,,2026-08-22,https://www.adzuna.com/details/5852209874?utm_medium=api&utm_source=03049e54,Healthcare EDI,Adzuna,
Business Systems Analyst – Facets Membership & Healthcare EDI,CoSourcing Partners,Remote USA,,2026-08-18,https://www.adzuna.com/details/5846294977?utm_medium=api&utm_source=03049e54,Healthcare EDI,Adzuna,
Senior EDI Business Analyst,SafeRide Health,Remote USA,"$90,000 - $120,000",2026-07-22,https://www.adzuna.com/details/5811821997?utm_medium=api&utm_source=03049e54,Healthcare EDI,Adzuna,
EDI Analyst II,Milwaukee Tool,Remote USA,,2026-06-28,https://www.adzuna.com/details/5780055858?utm_medium=api&utm_source=03049e54,EDI Analyst,Adzuna,
Senior iSeries Developer/Analyst (ERP & EDI),LKQ,Remote USA,,2026-04-29,https://www.adzuna.com/details/5713519739?utm_medium=api&utm_source=03049e54,EDI Developer,Adzuna,
Senior Operations Engineer-EDI Developer/Kubernetes,Cotiviti,Remote USA,,2026-10-08,https://www.adzuna.com/details/5919098554?utm_medium=api&utm_source=03049e54,EDI Developer,Adzuna,
EDI Developer,Burlington Stores,Remote USA,"$80,000 - $105,000",2026-10-04,https://www.adzuna.com/details/5911197112?utm_medium=api&utm_source=03049e54,EDI Developer,Adzuna,
Data Integration Specialist and EDI Developer,SPN Solutions,"Fairfax, Fairfax County, USA",,2026-10-02,https://www.adzuna.com/details/5907252412?utm_medium=api&utm_source=03049e54,Logistics & Retail,Adzuna,
AP EDI Specialist,Beth Israel Lahey Health,Remote USA,"$54,080 - $73,008",2026-08-30,https://www.adzuna.com/details/5862091827?utm_medium=api&utm_source=03049e54,EDI Analyst,Adzuna,
"Director, Enterprise Integration, EDI & AI Platforms",Breakthru Beverage Group,Remote USA,"$170,000 - $185,000",2026-08-22,https://www.adzuna.com/details/5852263437?utm_medium=api&utm_source=03049e54,EDI General,Adzuna,
Senior EDI Specialist,Burlington Stores,Remote USA,"$52,312 - $70,720",2026-08-18,https://www.adzuna.com/details/5846625301?utm_medium=api&utm_source=03049e54,EDI Developer,Adzuna,
"Data Engineer, EDI",Personify Health,Remote USA,,2026-10-03,https://www.adzuna.com/details/5910127734?utm_medium=api&utm_source=03049e54,EDI Developer,Adzuna,
Senior EDI Engineer,SKYGEN,Remote USA,"$114,838 - $172,258",2026-09-19,https://www.adzuna.com/details/5890681429?utm_medium=api&utm_source=03049e54,EDI Developer,Adzuna,
EDI Experience Manager (B2B SaaS),Prompt,Remote USA,"$80,000 - $100,000",2026-07-21,https://www.adzuna.com/details/5810324902?utm_medium=api&utm_source=03049e54,Healthcare EDI,Adzuna,
EDI Coordinator,PAM Transport,Remote USA,"$60,000 - $80,000",2026-10-03,https://www.adzuna.com/details/5909727734?utm_medium=api&utm_source=03049e54,EDI Coordinator,Adzuna,
EDI Coordinator,A.C. Coy,Remote USA,,2026-09-12,https://www.adzuna.com/details/5881078041?utm_medium=api&utm_source=03049e54,EDI Coordinator,Adzuna,
Oracle EBS EDI Techno-Functional Consultant,DIVERSE LYNX LLC,Remote USA,"$131,040 - $147,680",2026-07-21,https://www.adzuna.com/details/5809596763?utm_medium=api&utm_source=03049e54,EDI General,Adzuna,
Systems Support & EDI Analyst,Bis Henderson,"Coventry, West Midlands, UK","£45,000 - £50,000",2026-10-05,https://www.adzuna.co.uk/jobs/land/ad/5912972877?se=CHDYUd3D8RGBIZ3vUjoagA&utm_medium=api&utm_source=03049e54&v=4BB6CB6B4C9D5E92774065ECB56A7D17895083A1,EDI Analyst,Adzuna,
EDI Project Manager,SF Partners,"Birmingham, West Midlands, UK","£55,000 - £65,000",2026-10-01,https://www.adzuna.co.uk/jobs/land/ad/5906239569?se=ULArU93D8RGv37A99z3DjA&utm_medium=api&utm_source=03049e54&v=6A121BB1798C6565E175D1E81DA54F85A5912D28,EDI Analyst,Adzuna,
EDI & Wellbeing Coordinator,United Colleges Group Jobs,"St John's Wood, North West London, UK",,2026-09-20,https://www.adzuna.co.uk/jobs/details/5891558710?utm_medium=api&utm_source=03049e54,EDI Coordinator,Adzuna,
EDI/B2B AI-Enabled Analyst,Mark Anthony Group,"Greater Vancouver, British Columbia, Canada","CA$95,000 - CA$105,000",2026-10-07,https://www.adzuna.ca/details/5916643670?utm_medium=api&utm_source=03049e54,EDI Analyst,Adzuna,
EDI Developer,Creation Technologies,"Greater Vancouver, British Columbia, Canada","CA$90,000 - CA$120,000",2026-07-30,https://www.adzuna.ca/details/5821205399?utm_medium=api&utm_source=03049e54,EDI Developer,Adzuna,
"Learning Strategist, Equity, Diversity, Inclusion and Anti-Racism (EDI and AR) - (00580.1)",TRU,"Kamloops, Thompson-Nicola, Canada",,2026-09-05,https://www.adzuna.ca/details/5871689141?utm_medium=api&utm_source=03049e54,EDI General,Adzuna,
EDI Key Account Coordinator,Mint Green Group,"Pointe-Claire, Montréal, Canada",,2026-09-26,https://www.adzuna.ca/details/5899467815?utm_medium=api&utm_source=03049e54,EDI Coordinator,Adzuna,
Full-Stack Java & EDI Interface Developer,GLOVIS Europe GmbH,"Eschborn, Main-Taunus-Kreis, Germany",,2026-09-30,https://www.adzuna.de/details/5903203687?utm_medium=api&utm_source=03049e54,Logistics & Retail,Adzuna,
EDI I/F Development & Maintenance,GLOVIS Europe GmbH,"Eschborn, Main-Taunus-Kreis, Germany",,2026-09-18,https://www.adzuna.de/details/5889292785?utm_medium=api&utm_source=03049e54,Logistics & Retail,Adzuna,
EDI Coordinator / Developer,Rhenus Logistics,"Deutschland, Germany",,2026-05-22,https://www.adzuna.de/details/5738053888?utm_medium=api&utm_source=03049e54,EDI Developer,Adzuna,
Implementation Specialist (m/f/d) - EDI,retarus GmbH,"Berliner Platz, Erfurt, Germany","€53,000 - €93,000",2026-10-08,https://www.adzuna.de/details/5918517802?utm_medium=api&utm_source=03049e54,SAP EDI,Adzuna,
Senior EDI Specialist (m/w/d) - Direktvermittlung,MANAWA Consulting GmbH,"Bühl, Kempten (Allgäu), Germany",,2026-09-28,https://www.adzuna.de/details/5901645356?utm_medium=api&utm_source=03049e54,EDI Analyst,Adzuna,
Senior IT & Digital Process Specialist WMS & EDI (w/m/d),LGI,"Deutschland, Germany",,2026-08-08,https://www.adzuna.de/details/5833704091?utm_medium=api&utm_source=03049e54,EDI Analyst,Adzuna,
Implementation Specialist (m/f/d) – EDI,retarus,"Deutschland, Germany",,2026-06-25,https://www.adzuna.de/details/5776785843?utm_medium=api&utm_source=03049e54,SAP EDI,Adzuna,
SAP Berater:in Electronic Data Interchange (EDI),NTT DATA Business Solutions,"Oldenburg, Oldenburg (Kreis), Germany",,2026-07-16,https://www.adzuna.de/details/5802970938?utm_medium=api&utm_source=03049e54,SAP EDI,Adzuna,
SAP Berater:in Electronic Data Interchange (EDI) in Heidelberg,NTT DATA Business Solutions Global Managed Services GmbH von bms,"Heidelberg, Baden-Württemberg, Germany",,2026-03-14,https://www.adzuna.de/details/5664495014?utm_medium=api&utm_source=03049e54,SAP EDI,Adzuna,
SAP Berater:in Electronic Data Interchange (EDI) in Göttingen,NTT DATA Business Solutions Global Managed Services GmbH von bms,"Göttingen, Göttingen (Kreis), Germany",,2026-03-14,https://www.adzuna.de/details/5664495007?utm_medium=api&utm_source=03049e54,SAP EDI,Adzuna,
SAP Berater:in Electronic Data Interchange (EDI) in Hamburg,NTT DATA Business Solutions Global Managed Services GmbH von bms,"Hamburg, Deutschland, Germany",,2026-03-14,https://www.adzuna.de/details/5664495013?utm_medium=api&utm_source=03049e54,SAP EDI,Adzuna,
SAP Berater:in Electronic Data Interchange (EDI) in Jena,NTT DATA Business Solutions Global Managed Services GmbH von bms,"Jena, Thüringen, Germany",,2026-03-14,https://www.adzuna.de/details/5664495015?utm_medium=api&utm_source=03049e54,SAP EDI,Adzuna,
SAP Berater:in Electronic Data Interchange (EDI) in Ismaning,NTT DATA Business Solutions Global Managed Services GmbH von bms,"Ismaning, München (Kreis), Germany",,2026-03-14,https://www.adzuna.de/details/5664495008?utm_medium=api&utm_source=03049e54,SAP EDI,Adzuna,
SAP Berater:in Electronic Data Interchange (EDI) in Oldenburg,NTT DATA Business Solutions Global Managed Services GmbH von bms,"Oldenburg, Oldenburg (Kreis), Germany",,2026-03-14,https://www.adzuna.de/details/5664495006?utm_medium=api&utm_source=03049e54,SAP EDI,Adzuna,
SAP Berater:in Electronic Data Interchange (EDI) in Köln,NTT DATA Business Solutions Global Managed Services GmbH von bms,"Köln, Nordrhein-Westfalen, Germany",,2026-03-14,https://www.adzuna.de/details/5664495010?utm_medium=api&utm_source=03049e54,SAP EDI,Adzuna,
SAP Berater:in Electronic Data Interchange (EDI) in Bielefeld,NTT DATA Business Solutions Global Managed Services GmbH von bms,"Bielefeld, Nordrhein-Westfalen, Germany",,2026-03-14,https://www.adzuna.de/details/5664495011?utm_medium=api&utm_source=03049e54,SAP EDI,Adzuna,
SAP Berater:in Electronic Data Interchange (EDI) in Dortmund,NTT DATA Business Solutions Global Managed Services GmbH von bms,"Dortmund, Nordrhein-Westfalen, Germany",,2026-03-14,https://www.adzuna.de/details/5664495012?utm_medium=api&utm_source=03049e54,SAP EDI,Adzuna,
SAP Berater:in Electronic Data Interchange (EDI) in Berlin,NTT DATA Business Solutions Global Managed Services GmbH von bms,"Berlin, Deutschland, Germany",,2026-03-14,https://www.adzuna.de/details/5664495009?utm_medium=api&utm_source=03049e54,SAP EDI,Adzuna,
SAP Berater:in Electronic Data Interchange (EDI) in Pforzheim,NTT DATA Business Solutions Global Managed Services GmbH von bms,"Pforzheim, Baden-Württemberg, Germany",,2026-03-14,https://www.adzuna.de/details/5664495005?utm_medium=api&utm_source=03049e54,SAP EDI,Adzuna,
SAP Berater:in Electronic Data Interchange (EDI) in Stuttgart,NTT DATA Business Solutions Global Managed Services GmbH von bms,"Stuttgart, Baden-Württemberg, Germany",,2026-03-14,https://www.adzuna.de/details/5664495016?utm_medium=api&utm_source=03049e54,SAP EDI,Adzuna,
Remote EDI ERA/EFT Analyst,"EDI Specialists, Inc.",Remote,,2026-10-09,https://www.dice.com/job-detail/75f20c92-fc45-4bcd-8a79-73983ca8cc75,EDI Analyst,Dice,
Senior IBM Sterling Integrator / EDI Developer | Contract | Remote (USA),Anagha Techno Soft,Remote,,2026-10-09,https://www.dice.com/job-detail/1ac21ebd-ffae-468d-a09a-a2ab10a693a8,EDI Developer,Dice,
EDI Compliance Analyst,iSphere,Remote,,2026-10-09,https://www.dice.com/job-detail/85b8b979-6a30-47db-afc0-cd147d67dd0f,EDI Analyst,Dice,
Edi Developer,Apexon,Unknown,,2026-10-09,https://www.dice.com/job-detail/c0ec6a19-556f-48de-80d9-98df1adfdb92,EDI Developer,Dice,
Hybrid EDI Coordinator,"EDI Specialists, Inc.",Hybrid,,2026-10-09,https://www.dice.com/job-detail/998626af-eb50-4e42-b207-bd7ced5242b4,EDI Coordinator,Dice,
EDI Developer,RyanBPM,Remote,,2026-10-09,https://www.dice.com/job-detail/aa930f1d-45e8-4810-876b-340c39a1152a,EDI Developer,Dice,
EDI Solutions Architect,"SysMind, LLC","Mind, LL",,2026-10-09,https://www.dice.com/job-detail/a3ddb7dc-7afd-4f38-88fa-18bd3e129519,EDI General,Dice,
Functional Analyst  834 EDI / Facets,Lumen Solutions Group Inc.,Remote,,2026-10-09,https://www.dice.com/job-detail/60d4fd19-be41-4a3d-a13f-c93bb4b20a9e,Healthcare EDI,Dice,
EDI Analyst,Vernus Technologies,Remote,,2026-10-09,https://www.dice.com/job-detail/1c5e1de3-0dd5-48c3-bad1-67da8e313df9,EDI Analyst,Dice,
Boomi EDI Architect,Nityo Infotech Corporation,Hybrid,,2026-10-09,https://www.dice.com/job-detail/1a7002ad-ccaf-4b52-8be1-96fcd6de486a,EDI General,Dice,
EDI 834 Functional Analyst (Healthcare Domain),Symphony Enterprises,"Albany, NY",,2026-10-09,https://www.dice.com/job-detail/8cbdc049-af37-45f5-8652-fadce526a94b,Healthcare EDI,Dice,
EDI Integration Manager (B2B & Transportation Systems),SCMInnovators LLC,Hybrid,,2026-10-09,https://www.dice.com/job-detail/207e4c39-a3d2-4e46-ad8c-8653135e17d8,EDI General,Dice,
"Senior Engineer, IT EDI","HR Link Group, Inc","Engineer, IT",,2026-10-09,https://www.dice.com/job-detail/d8c79091-c8a3-4ed5-83e0-e0f586fe01b9,EDI Developer,Dice,
EDI Developer,The Avian Consulting LLC,Unknown,,2026-10-09,https://www.dice.com/job-detail/ad933b56-5eea-4ead-adf4-f39d03d63ded,EDI Developer,Dice,
EDI QA Tester,Infinite Computer Solutions (ICS),Remote,,2026-10-09,https://www.dice.com/job-detail/b1ef14db-4cf6-4c97-8aca-7886a42e06ad,EDI General,Dice,
Senior EDI Support Specialist,Spar Information Systems,"Seattle, WA",,2026-10-09,https://www.dice.com/job-detail/af15b6bf-6589-4b7f-9d79-c4790d5fc68b,EDI Analyst,Dice,
Business Analyst with MA Active and EDI Integration,"PeakLnk Technologies, Inc.",Remote,,2026-10-09,https://www.dice.com/job-detail/7c68c377-e467-4d1d-8f33-9ea66c3bbbe9,EDI Analyst,Dice,
EDI Analyst,"cyberThink, Inc.",Unknown,,2026-10-09,https://www.dice.com/job-detail/243bf639-a862-4176-8717-88fde47a0f76,EDI Analyst,Dice,
Java EDI Architect,CitiusTech,Unknown,,2026-10-09,https://www.dice.com/job-detail/5f8d9681-2648-43fd-8aaf-81cc5ae55303,EDI General,Dice,
EDI Specialist,Wiselink Global Inc,Hybrid,,2026-10-09,https://www.dice.com/job-detail/a7e9dcf3-983f-4320-bef4-3e876dd98487,EDI Analyst,Dice,
EDI Technical Architect,CIS Technologies Inc.,Remote,,2026-10-09,https://www.dice.com/job-detail/fde5cb67-3684-4351-b908-822d6097d729,EDI General,Dice,
Service Delivery Manager EDI,CitiusTech,Unknown,,2026-10-09,https://www.dice.com/job-detail/86261161-2eeb-45a3-8eba-3201b8f85ac1,EDI General,Dice,
Blue Yonder TMS Functional Expert with EDI Focus,"iTech US, Inc.",Unknown,,2026-10-09,https://www.dice.com/job-detail/75fe7fb8-1f04-49d0-b579-750ad22edfa3,EDI General,Dice,
EDI Integration Developer,Shakti Solutions,Remote,,2026-10-09,https://www.dice.com/job-detail/f520179f-f7c8-4736-aedb-99c2f8d405d4,EDI Developer,Dice,
Service Delivery Manager – EDI Platform,AspireIT Solutions,Hybrid,,2026-10-09,https://www.dice.com/job-detail/0b089d7e-c69b-4860-ada0-5afd8e2601a7,EDI General,Dice,
EDI ARCHITECT / EDI MANAGER,Aivanta Tech Inc,"Dallas, TX",,2026-10-09,https://www.dice.com/job-detail/7abf9656-20b0-4f04-9f81-f82701bd2133,EDI General,Dice,
Boomi & EDI Technical Lead,Everest Technologies,Unknown,,2026-10-09,https://www.dice.com/job-detail/719b7693-4cfc-4d25-92c3-e32bfcddd901,EDI General,Dice,
EDI Data Integration Engineer,Shakti Solutions,Remote,,2026-10-09,https://www.dice.com/job-detail/01e545c0-97e2-4b77-89c7-639ff3d56205,EDI Developer,Dice,
Supply Chain Business Analyst with EDI experience,"TrustMinds, Inc.",Hybrid,,2026-10-09,https://www.dice.com/job-detail/49361980-2be7-4279-aac9-c8ab1a15d9ff,Logistics & Retail,Dice,
EDI Analyst with IBM Sterling and Health care exp ( c2c),Saksoft,Hybrid,,2026-10-09,https://www.dice.com/job-detail/d6efeaef-1df5-477c-9495-ff0db5011135,EDI Analyst,Dice,
SAP Integration Architect (BTP IS & EDI),Randstad Digital,"Suite, AP",,2026-10-09,https://www.dice.com/job-detail/0259789f-f439-4edf-b0fc-238f5545aeef,SAP EDI,Dice,
EDI Technical Architect,ADDSOURCE,"Dallas, TX",,2026-10-09,https://www.dice.com/job-detail/1416fb57-e56e-42f0-9155-55982f40e9b2,EDI General,Dice,
"EDI Healthcare Consultant, Onsite - 70590",PRIMUS Global Services Inc.,"Dayton, OH",,2026-10-09,https://www.dice.com/job-detail/efe4899f-f5d9-4763-9560-5978cf21b568,Healthcare EDI,Dice,
Senior EDI / EDIFECS Azure Integration Developer,"Galaxy i Technologies, Inc.","Dayton, OH",,2026-10-09,https://www.dice.com/job-detail/fb2d7434-2bdb-449d-b1ae-d2057daf6a43,EDI Developer,Dice,
EDI Technical Architect,CitiusTech,Unknown,,2026-10-09,https://www.dice.com/job-detail/9e347ad7-7e24-4934-9261-ca832213bff8,EDI General,Dice,
EDI Developer / Analyst,Kforce Technology Staffing,"Antonio, TX",,2026-10-09,https://www.dice.com/job-detail/28a3d9fc-69b4-431c-9e49-7ca3fd350d9d,EDI Developer,Dice,
EDI Architect,AspireIT Solutions,"Dallas, TX",,2026-10-09,https://www.dice.com/job-detail/fc72bb75-0e1d-482a-b849-f6b8c59f8c81,EDI General,Dice,
EDI Specialist in Missoula MT/ Plano TX (Onsite – Hybrid),Saksoft,Hybrid,,2026-10-09,https://www.dice.com/job-detail/737da165-5e58-41f7-8015-e84401e2bba2,EDI Analyst,Dice,
EDI Systems Analyst,"Judge Group, Inc.","Deerfield, IL",,2026-10-09,https://www.dice.com/job-detail/7a2e4a8c-8a87-4502-85b7-042cd629161d,EDI Analyst,Dice,
EDI Analyst,Apex Systems,Remote,,2026-10-09,https://www.dice.com/job-detail/486003f3-13d8-4093-b089-b2b1e83ca448,EDI Analyst,Dice,
EDI Onboarding Analyst,Kforce Technology Staffing,"Brookfield, WI",,2026-10-09,https://www.dice.com/job-detail/5e40ecf3-1c3d-4053-82c5-23dbb7bbc3cc,EDI Analyst,Dice,
EOIR Task Order Manager/Data Architect- EDI,System One,"Alexandria, VA",,2026-10-09,https://www.dice.com/job-detail/d38617ae-3ff4-4dc6-9a61-51edb1f7b932,EDI General,Dice,
EDI Software Developer,MetroPlusHealth,Unknown,,2026-10-09,https://www.dice.com/job-detail/00e4707a-e636-4b71-873a-49f8b4914799,EDI Developer,Dice,
Senior EDI Programmer/Systems Analyst (BizTalk),MetroPlusHealth,Unknown,,2026-10-09,https://www.dice.com/job-detail/832751ca-808c-4e4b-a9ee-150339ac6457,EDI Developer,Dice,
Sr Business Process Analyst (SAP Business ByDesign / EDI),Robert Half,"Design, ED",,2026-10-09,https://www.dice.com/job-detail/d5c2fe4e-d27d-428d-8eb5-c0ade9211bf4,SAP EDI,Dice,
Lead Integration/EDI Architect,McKesson Corporation,Unknown,,2026-10-09,https://www.dice.com/job-detail/52e1faf9-0570-4700-b592-f24e8be77c9b,EDI General,Dice,
EDI/Oracle Applications Programmer,"ICU Medical, Inc.",Remote,,2026-10-09,https://www.dice.com/job-detail/91050c1a-89e6-47e3-b77c-3a5dad793e7f,EDI Developer,Dice,
EDI IT Software Developer Intern,Cencora,Unknown,,2026-10-09,https://www.dice.com/job-detail/42195425-c3d8-45f5-8bf0-967c0553abab,EDI Developer,Dice,
Electronic Data Interface (EDI) Developer II,OU Health,Unknown,,2026-10-09,https://www.dice.com/job-detail/696bbaff-9493-4d25-9af7-fc71fa95b059,EDI Developer,Dice,
Principal Information Systems Analyst - Lead EDI Developer (N387),,Unknown,,2026-10-09,https://www.dice.com/job-detail/a4e1fdea-9821-4aef-9897-aa837d9f08ed,EDI Developer,Dice,
Technology Architect – EDI,ASCII Group LLC,Hybrid,,2026-10-09,https://www.dice.com/job-detail/914af88a-8cba-4c8d-9fcb-90ce31b5b464,EDI General,Dice,
Informatica B2B Developer (C07)  EDI X12 5010 Healthcare,SQN Systems,Remote,,2026-10-09,https://www.dice.com/job-detail/97a681c7-4cd9-42d9-acd1-7f9ab2205e1f,Healthcare EDI,Dice,
EDI Integration Architect ( ),,Hybrid,,2026-10-09,https://www.dice.com/job-detail/bbc94dcb-bb11-4f73-a827-e9a653d634e5,EDI General,Dice,
Lead Software Engineer-EDI,"McLane Company, Inc.",Unknown,,2026-10-09,https://www.dice.com/job-detail/05c108f5-3422-49ed-b77a-074477f1ad14,EDI Developer,Dice,
AS400 RPGILE EDI Programmer Analyst,Data Processing Resources,Hybrid,,2026-10-09,https://www.dice.com/job-detail/6b309a56-d284-43e2-aa46-01fa12c83f30,EDI Developer,Dice,
PowerBuilder with EDI,"Software People, Inc.","Albany, NY",,2026-10-09,https://www.dice.com/job-detail/164e7c24-837f-4069-944e-3263842d0844,EDI General,Dice,
EDI Implementation Specialist,Brains Technology Solution,"Atlanta, GA",,2026-10-09,https://www.dice.com/job-detail/47ebd2eb-82ae-485b-ab28-6e7da11d0799,EDI Analyst,Dice,
Senior EDI specialist,Softsages LLC,"Malvern, PA",,2026-10-09,https://www.dice.com/job-detail/7e0217de-655e-45d3-94cf-6dedf851150e,EDI Analyst,Dice,
